{"cameraMode":{"drawMode":0,"name":"Shaded","section":"Shading Mode"},"sceneLighting":true,"audioPlay":false,"sceneViewState":{"showFog":false,"showMaterialUpdate":false,"showSkybox":false,"showFlares":false,"showImageEffects":false,"showParticleSystems":false},"in2DMode":false,"pivot":{"x":107.8881607055664,"y":12.742341041564942,"z":59.640625},"rotation":{"x":0.025784537196159364,"y":0.0329897366464138,"z":-0.000847178278490901,"w":0.9991307854652405},"size":3167.9326171875,"orthographic":true}