{"cameraMode":{"drawMode":0,"name":"Shaded","section":"Shading Mode"},"sceneLighting":false,"audioPlay":false,"sceneViewState":{"showFog":false,"showMaterialUpdate":false,"showSkybox":false,"showFlares":false,"showImageEffects":false,"showParticleSystems":false},"in2DMode":false,"pivot":{"x":123.27999877929688,"y":36.689998626708987,"z":186.0500030517578},"rotation":{"x":0.16788358986377717,"y":-0.8315510749816895,"z":0.39096832275390627,"w":0.35707226395606997},"size":2.8578836917877199,"orthographic":true}